{
	"/": [
		"src/routes/+page.server.ts"
	],
	"/2FA": [],
	"/app": [
		"src/routes/app/+layout.server.ts",
		"src/routes/app/+layout.server.ts"
	],
	"/app/chat": [
		"src/routes/app/+layout.server.ts",
		"src/routes/app/+layout.server.ts"
	],
	"/app/chat/create": [
		"src/routes/app/+layout.server.ts"
	],
	"/app/chat/rooms": [
		"src/routes/app/+layout.server.ts"
	],
	"/app/chat/[roomId]": [
		"src/routes/app/chat/[roomId]/+page.server.ts",
		"src/routes/app/+layout.server.ts"
	],
	"/app/chat/[roomId]/manage": [
		"src/routes/app/chat/[roomId]/manage/+page.server.ts",
		"src/routes/app/+layout.server.ts"
	],
	"/app/dashboard": [
		"src/routes/app/dashboard/+page.server.ts",
		"src/routes/app/+layout.server.ts"
	],
	"/app/dashboard/[userName]": [
		"src/routes/app/dashboard/[userName]/+page.server.js",
		"src/routes/app/+layout.server.ts"
	],
	"/app/friends": [
		"src/routes/app/friends/+page.server.js",
		"src/routes/app/+layout.server.ts"
	],
	"/app/game": [
		"src/routes/app/+layout.server.ts"
	],
	"/app/game/[gameId]": [
		"src/routes/app/game/[gameId]/+page.server.ts",
		"src/routes/app/+layout.server.ts"
	],
	"/app/room": [
		"src/routes/app/+layout.server.ts"
	],
	"/app/room/[salon]": [
		"src/routes/app/room/[salon]/+page.server.js",
		"src/routes/app/+layout.server.ts"
	],
	"/app/settings": [
		"src/routes/app/settings/+page.server.ts",
		"src/routes/app/+layout.server.ts"
	],
	"/logout": [
		"src/routes/logout/+page.server.ts"
	]
}