{
	"/": [
		"src/routes/+page.server.js"
	],
	"/chat": [
		"src/routes/chat/+page.server.js",
		"src/routes/chat/+layout.server.ts",
		"src/routes/chat/+layout.server.ts"
	],
	"/dashboard": [
		"src/routes/dashboard/+page.server.js"
	],
	"/dashboard/[userName]": [
		"src/routes/dashboard/[userName]/+page.server.js"
	],
	"/game": [
		"src/routes/game/+page.server.js"
	],
	"/login": [
		"src/routes/login/+page.server.ts"
	],
	"/room": [
		"src/routes/room/+page.server.js"
	],
	"/room/[salon]": [
		"src/routes/room/[salon]/+page.server.js"
	]
}