{
	"/": [
		"src/routes/+page.server.ts"
	],
	"/app": [],
	"/app/chat": [],
	"/app/chat/[roomId]": [
		"src/routes/app/chat/[roomId]/+page.server.ts"
	],
	"/app/dashboard": [
		"src/routes/app/dashboard/+page.server.ts"
	],
	"/app/dashboard/[userName]": [
		"src/routes/app/dashboard/[userName]/+page.server.js"
	],
	"/app/game": [],
	"/app/game/[gameId]": [
		"src/routes/app/game/[gameId]/+page.server.ts"
	],
	"/app/room": [],
	"/app/room/[salon]": [
		"src/routes/app/room/[salon]/+page.server.js"
	],
	"/logout": [
		"src/routes/logout/+page.server.ts"
	]
}